census_subdivision_id,province_id,municipality_name,type,province,search_terms,page_url
5941005,59,100 Mile House,District,British Columbia, 100 Mile House District British Columbia SOFI,https://www.100milehouse.com/government-bylaws/reports-documents
5909052,59,Abbotsford,City,British Columbia, Abootsford City British Columbia SOFI,https://www.abbotsford.ca/city-hall/finance
BC_RD_01,59,Alberni-Clayoquot,Regional District,British Columbia, Alberni-Clayoquot Regional District British Columbia SOFI,https://www.acrd.bc.ca/financial-statements
5943008,59,Alert Bay,Village,British Columbia, Alert Bay British Columbia SOFI,https://alertbay.civicweb.net/filepro/documents/124/
5915038,59,Anmore,Village,British Columbia, Anmore Village British Columbia SOFI,https://anmore.com/village-hall/reports-plans/
5937028,59,Armstrong,City,British Columbia, Armstrong Ciy British Columbia SOFI,https://armstrong.civicweb.net/filepro/documents/30662/
5933019,59,Ashcroft,Village,British Columbia, Ashcroft Village British Columbia SOFI,https://ashcroftbc.ca/governance/reports-plans-documents/reports/
5933074,59,Barriere,District,British Columbia, Barriere District British Columbia SOFI,https://www.barriere.ca/p/finance
5915036,59,Belcarra,Village,British Columbia, Belcarra Village British Columbia SOFI,https://www.burnaby.ca/our-city/financial-and-annual-reports
5915062,59,Bowen Island,Island Municipality,British Columbia, Bowen Island Island Municipality British Columbia SOFI,https://bowenislandmunicipality.ca/our-government/departments/finance/financial-reports/
BC_RD_02,59,Bulkley-Nechako,Regional District,British Columbia, Bulkley-Nechako Regional District British Columbia SOFI,https://www.rdbn.bc.ca/departments/finance/reports
5915025,59,Burnaby,City,British Columbia, Burnaby City British Columbia SOFI,https://www.burnaby.ca/our-city/financial-and-annual-reports
5951022,59,Burns Lake,Village,British Columbia, Burns Lake Village British Columbia SOFI,https://www.burnslake.ca/local-government/admin-finance
5933024,59,Cache Creek,Village,British Columbia, Cache Creek Village British Columbia SOFI,https://cachecreek.ca/reports
5924034,59,Campbell River,City,British Columbia, Campbell River City British Columbia SOFI,https://www.campbellriver.ca/financial-plans-and-reports
5901043,59,Canal Flats,Village,British Columbia, Canal Flats Village British Columbia SOFI,https://canalflats.civicweb.net/filepro/documents/2266/
BC_RD_03,59,Capital,Regional District,British Columbia, Capital Regional District British Columbia SOFI,https://www.crd.ca/government-administration/financial-plans-reports
BC_RD_04,59,Cariboo,Regional District,British Columbia, Cariboo Regional District British Columbia SOFI,https://www.cariboord.ca/regional-government/budget-and-finances/financial-statements/
5903045,59,Castlegar,City,British Columbia, Castlegar City British Columbia SOFI,https://castlegar.ca/government/reports-plans-publications/annual-reports/
BC_RD_05,59,Central Coast,Regional District,British Columbia, Central Coast Regional District British Columbia SOFI,https://www.ccrd.ca/governance/finance
BC_RD_06,59,Central Kootenay,Regional District,British Columbia, Central Kootenay Regional District British Columbia SOFI,https://www.rdck.ca/finance/plans-statements-and-sofi-reports/
BC_RD_07,59,Central Okanagan,Regional District,British Columbia, Central Okanagan Regional District British Columbia SOFI,https://www.sd23.bc.ca/financialreports
5917015,59,Central Saanich,District,British Columbia, Central Saanich District British Columbia SOFI,https://www.crd.ca/government-administration/financial-plans-reports
5933054,59,Chase,Village,British Columbia, Chase Village British Columbia SOFI,https://chasebc.ca/reports
5955010,59,Chetwynd,District,British Columbia, Chetwynd District British Columbia SOFI,https://www.gochetwynd.com/municipal-office/documents-and-publications/
5909020,59,Chilliwack,City,British Columbia, Chilliwack City British Columbia SOFI,https://www.chilliwack.com/main/page.cfm?id=2968
5933067,59,Clearwater,District,British Columbia, Clearwater District British Columbia Annual Reports,https://districtofclearwater.civicweb.net/filepro/documents/73944/
5933028,59,Clinton,Village,British Columbia, Clinton Village British Columbia Annual Reports,https://village.clinton.bc.ca/local-government/village-reports-plans/financial-reports/
5937010,59,Coldstream,District,British Columbia, Coldstream District British Columbia Annual Reports,https://www.coldstream.ca/reports-publications
BC_RD_08,59,Columbia Shuswap,Regional District,British Columbia, Columbia Shuswap Regional District British Columbia Annual Reports,https://www.csrd.bc.ca/414/Financial-Plans-Reports
5917041,59,Colwood,City,British Columbia, Colwood City British Columbia Annual Reports,https://www.colwood.ca/local-government/financial-plans-reports
5926005,59,Comox,Town,British Columbia, Comox Town British Columbia Annual Reports,https://www.comox.ca/financialstatements
BC_RD_09,59,Comox Valley,Regional District,British Columbia, Comox Valley Regional District British Columbia Annual Reports,https://www.comoxvalleyrd.ca/about/finance/financial-statements
5915034,59,Coquitlam,City,British Columbia, Coquitlam City British Columbia Annual Reports,https://www.coquitlam.ca/Archive.aspx?AMID=37
5926010,59,Courtenay,City,British Columbia, Courtenay City British Columbia Annual Reports,https://www.courtenay.ca/city-hall/corporate-information/annual-reports
BC_RD_10,59,Cowichan Valley,Regional District,British Columbia, Cowichan Valley Regional District British Columbia Annual Reports,https://www.cvrd.ca/114/Financial-Statements
5901022,59,Cranbrook,City,British Columbia, Cranbrook City British Columbia Annual Reports,https://cranbrook.ca/our-city/city-departments/finance/annual-reports
5903004,59,Creston,Town,British Columbia, Creston Town British Columbia Annual Reports,https://www.creston.ca/annual-report
5926014,59,Cumberland,Village,British Columbia, Cumberland Village British Columbia Annual Reports,https://cumberland.ca/annual-report/
5955014,59,Dawson Creek,City,British Columbia, Dawson Creek City British Columbia Annual Reports,https://dawsoncreek.civicweb.net/filepro/documents/133231/
5915011,59,Delta,District,British Columbia, Delta District British Columbia Annual Reports,https://www.delta.ca/city-hall/municipal-information/financial-information
5919012,59,Duncan,City,British Columbia, Duncan City British Columbia Annual Reports,https://duncan.ca/city-hall/mayor-council/reports-and-publications/
BC_RD_11,59,East Kootenay,Regional District,British Columbia, East Kootenay Regional District British Columbia Annual Reports,https://www.rdek.bc.ca/departments/finance/
5901003,59,Elkford,District,British Columbia, Elkford District British Columbia Annual Reports - No Directory,https://www.elkford.ca/sites/default/files/2023-06/2022%20Draft%20Annual%20Report%20%28for%20Web%29.pdf
5937033,59,Enderby,City,British Columbia, Enderby City British Columbia Annual Reports,https://www.cityofenderby.com/category/city-hall-2/administration-and-finance/
5917040,59,Esquimalt,Township,British Columbia, Esquimalt Township British Columbia Annual Reports,https://www.esquimalt.ca/government-bylaws/reports-publications/annual-reports
5901012,59,Fernie,City,British Columbia, Fernie City British Columbia Annual Reports,https://fernie.civicweb.net/filepro/documents/456/
5951013,59,Fort St. James,District,British Columbia, Fort St. James District British Columbia Annual Reports,https://www.fortstjames.ca/government/municipal-reports
5955034,59,Fort St. John,City,British Columbia, Fort St. John City British Columbia Annual Reports,https://www.fortstjohn.ca/local-government/budget-and-finance/annual-reports
5951009,59,Fraser Lake,Village,British Columbia, Fraser Lake Village British Columbia Annual Reports,https://www.fraserlake.ca/municipal-hall/reports-and-publications
BC_RD_12,59,Fraser Valley,Regional District,British Columbia, Fraser Valley Regional District British Columbia Annual Reports,https://www.fvrd.ca/EN/main/government/financial-reporting.html
BC_RD_13,59,Fraser-Fort George,Regional District,British Columbia, Fraser-Fort George Regional District British Columbia Annual Reports,https://www.rdffg.ca/reports
5905005,59,Fruitvale,Village,British Columbia, Fruitvale Village British Columbia Annual Reports,https://fruitvale.ca/services/reports-publications/
5929005,59,Gibsons,Town,British Columbia, Gibsons Town British Columbia Annual Reports - 404,https://gibsons.ca/town-hall/documents-and-publications/
5924025,59,Gold River,Village,British Columbia, Gold River Village British Columbia Annual Reports,https://goldriver.ca/document-category/annual-report/
5939007,59,Golden,Town,British Columbia, Golden Town British Columbia Annual Reports,https://www.golden.ca/town-hall/community-planning/annual-report
5905032,59,Grand Forks,City,British Columbia, Grand Forks City British Columbia Annual Reports,https://www.grandforks.ca/financial-administration-department/
5951032,59,Granisle,Village,British Columbia, Granisle Village British Columbia Annual Reports,https://villageofgranisle.ca/annual-report/
BC_RD_14,59,Greater Vancouver,Regional District,British Columbia, Greater Vancouver Regional District British Columbia Annual Reports,https://metrovancouver.org/about-us/budgets-and-financial-plans
5905042,59,Greenwood,City,British Columbia, Greenwood City British Columbia Annual Reports,https://na.com
5909027,59,Harrison Hot Springs,Village,British Columbia, Harrison Hot Springs Village British Columbia Annual Reports,https://www.harrisonhotsprings.ca/village-office/plans-reports-strategies
5949022,59,Hazelton,Village,British Columbia, Hazelton Village British Columbia Annual Reports,https://hazelton.ca/village-office/annual-reports/
5917049,59,Highlands,District,British Columbia, Highlands District British Columbia Annual Reports,https://www.highlands.bc.ca/local-government/annual-reports
5909009,59,Hope,District,British Columbia, Hope District British Columbia Annual Reports,https://hope.ca/p/finance
5951034,59,Houston,District,British Columbia, Houston District British Columbia Annual Reports,https://www.houston.ca/financial_statements_page
5955025,59,Hudson's Hope,District,British Columbia, Hudson's Hope District British Columbia Annual Reports,https://hudsonshope.ca/district-office/annual-report/
5901039,59,Invermere,District,British Columbia, Invermere District British Columbia Annual Reports,https://invermere.civicweb.net/filepro/documents/9116/
5901048,59,Jumbo Glacier,Mountain Resort Municipality,British Columbia, Jumbo Glacier Mountain Resort Municipality British Columbia Annual Reports,https://na.com
5933042,59,Kamloops,City,British Columbia, Kamloops City British Columbia Annual Reports,https://www.kamloops.ca/city-hall/governance-finance/annual-reports
5903023,59,Kaslo,Village,British Columbia, Kaslo Village British Columbia Annual Reports,https://kaslo.ca/p/bylaws-reports
5935010,59,Kelowna,City,British Columbia, Kelowna City British Columbia Annual Reports,https://issuu.com/cityofkelowna/stacks/baded0f70f6340349452fe92891ccc45
5909032,59,Kent,District,British Columbia, Kent District British Columbia Annual Reports,https://www.kentbc.ca/en/district-hall/Financial_Plans_and_Reports.aspx
5907009,59,Keremeos,Village,British Columbia, Keremeos Village British Columbia Annual Reports,https://keremeos.civicweb.net/filepro/documents/134/
5901028,59,Kimberley,City,British Columbia, Kimberley City British Columbia Annual Reports,https://kimberley.civicweb.net/filepro/documents/57030/
5949005,59,Kitimat,District,British Columbia, Kitimat District British Columbia Annual Reports,https://www.kitimat.ca/en/municipal-hall/reports-and-plans.aspx
BC_RD_15,59,Kitimat-Stikine,Regional District,British Columbia, Kitimat-Stikine Regional District British Columbia Annual Reports,https://www.rdks.bc.ca/government/public_reports
BC_RD_16,59,Kootenay Boundary,Regional District,British Columbia, Kootenay Boundary Regional District British Columbia Annual Reports,https://divisionsbc.ca/kootenay-boundary/your-division/annual-reports
5919021,59,Ladysmith,Town,British Columbia, Ladysmith Town British Columbia Annual Reports,https://www.ladysmith.ca/city-hall/reports-publications
5935016,59,Lake Country,District,British Columbia, Lake Country District British Columbia Annual Reports,https://www.lakecountry.bc.ca/government/document-library
5919016,59,Lake Cowichan,Town,British Columbia, Lake Cowichan Town British Columbia Annual Reports,https://www.town.lakecowichan.bc.ca/finance.php
5917044,59,Langford,City,British Columbia, Langford City British Columbia Annual Reports,https://langford.ca/?s=Annual+Reports&filters=webpages&filters=city-documents
5915002,59,Langley,City,British Columbia, Langley City British Columbia Annual Reports,https://www.langleycity.ca/city-hall/reports-plans-strategies
5921008,59,Lantzville,District,British Columbia, Lantzville District British Columbia Annual Reports,https://www.lantzville.ca/cms.asp?wpID=485
5931026,59,Lillooet,District,British Columbia, Lillooet District British Columbia Annual Reports,https://lillooet.civicweb.net/filepro/documents/34564/
5915065,59,Lions Bay,Village,British Columbia, Lions Bay Village British Columbia Annual Reports,https://www.lionsbay.ca/services/finance/financial-reports
5933035,59,Logan Lake,District,British Columbia, Logan Lake District British Columbia Annual Reports,https://loganlake.ca/public-notices/public-notice-2024-annual-report/
5937005,59,Lumby,Village,British Columbia, Lumby Village British Columbia Annual Reports,https://lumby.civicweb.net/filepro/documents/469/
5933015,59,Lytton,Village,British Columbia, Lytton Village British Columbia Annual Reports,https://www.lytton.ca/local-government/reports-plans
5953033,59,Mackenzie,District,British Columbia, Mackenzie District British Columbia Annual Reports,https://districtofmackenzie.ca/?s=Annual+Reports
5915075,59,Maple Ridge,City,British Columbia, Maple Ridge City British Columbia Annual Reports,https://www.mapleridge.ca/your-government/reports-publications/annual-report
5947023,59,Masset,Village,British Columbia, Masset Village British Columbia Annual Reports,http://massetbc.com/village-office/news/2020-annual-report
5953012,59,McBride,Village,British Columbia, McBride Village British Columbia Annual Reports,https://mcbride.civicweb.net/filepro/documents/7367/
5933006,59,Merritt,City,British Columbia, Merritt City British Columbia Annual Reports,https://www.merritt.ca/?s=ANNUAL+REPORT
5917042,59,Metchosin,District,British Columbia, Metchosin District British Columbia Annual Reports,https://www.metchosin.ca/council/annual-report
5905037,59,Midway,Village,British Columbia, Midway Village British Columbia Annual Reports,https://midwaybc.ca/?s=annual+report
5909056,59,Mission,District,British Columbia, Mission District British Columbia Annual Reports,https://www.mission.ca/council-government/budget-finance/financial-reporting
5905009,59,Montrose,Village,British Columbia, Montrose Village British Columbia Annual Reports,https://www.montrose.ca/document-category/annual-reports/
BC_RD_17,59,Mount Waddington,Regional District,British Columbia, Mount Waddington Regional District British Columbia Annual Reports,https://www.rdmw.bc.ca/regional-services/finance/rdmw-annual-financial-statements
5903050,59,Nakusp,Village,British Columbia, Nakusp Village British Columbia Annual Reports,https://www.nakusp.com/municipal-services/finance-department/financial-reports
BC_RD_18,59,Nanaimo,Regional District,British Columbia, Nanaimo Regional District British Columbia Annual Reports,https://rdn.bc.ca/financial-reports
5903015,59,Nelson,City,British Columbia, Nelson City British Columbia Annual Reports,https://www.nelson.ca/Archive.aspx?AMID=38
5903032,59,New Denver,Village,British Columbia, New Denver Village British Columbia Annual Reports,https://newdenver.ca/village-business/reports-studies-planning-documents/
5949024,59,New Hazelton,District,British Columbia, New Hazelton District British Columbia Annual Reports,https://hazelton.ca/village-office/annual-reports/
5915029,59,New Westminster,City,British Columbia, New Westminster City British Columbia Annual Reports,https://www.newwestcity.ca/city_hall/finance-taxes-and-budgets/financial-reporting/articles/244.php
BC_RD_19,59,North Coast (formerly Skeena-Queen Charlotte),Regional District,British Columbia, North Coast (formerly Skeena-Queen Charlotte) Regional District British Columbia Annual Reports,https://www.ncrdbc.com/governance/corporate-finance/statement-financial-information-sofi
5919008,59,North Cowichan,District,British Columbia, North Cowichan District British Columbia Annual Reports,https://www.northcowichan.ca/municipal-hall/finances/financial-reports
BC_RD_20,59,North Okanagan,Regional District,British Columbia, North Okanagan Regional District British Columbia Annual Reports,https://www.rdno.ca/rdno-services/financial-services/financial-reporting
5917005,59,North Saanich,District,British Columbia, North Saanich District British Columbia Annual Reports,https://northsaanich.ca/local-government/corporate-annual-reports/
5915051,59,North Vancouver,City,British Columbia, North Vancouver City British Columbia Annual Reports,https://www.cnv.org/City-Hall/Finances/Annual-Municipal-Report
5959007,59,Northern Rockies,Regional Municipality,British Columbia, Northern Rockies Regional Municipality British Columbia Annual Reports,https://nr.civicweb.net/filepro/documents/69358/
5917030,59,Oak Bay,District,British Columbia, Oak Bay District British Columbia Annual Reports,https://www.oakbay.ca/council-administration/plans-reports/reports/
BC_RD_21,59,Okanagan-Similkameen,Regional District,British Columbia, Okanagan-Similkameen Regional District British Columbia Annual Reports,https://www.rdos.bc.ca/finance/budget-and-financial-statements/
5907014,59,Oliver,Town,British Columbia, Oliver Town British Columbia Annual Reports,https://www.oliver.ca/
5907005,59,Osoyoos,Town,British Columbia, Osoyoos Town British Columbia Annual Reports,https://www.osoyoos.ca/council/financial-statements
5921018,59,Parksville,City,British Columbia, Parksville City British Columbia Annual Reports,https://parksville.civicweb.net/filepro/documents/66491/
BC_RD_22,59,Peace River,Regional District,British Columbia, Peace River Regional District British Columbia Annual Reports,https://www.prrd.bc.ca/our-government/budgets-and-finances/financial-documents/
5935018,59,Peachland,District,British Columbia, Peachland District British Columbia Annual Reports,https://www.peachland.ca/departments/finance/annual-report
5931012,59,Pemberton,Village,British Columbia, Pemberton Village British Columbia Annual Reports,https://www.pemberton.ca/government/budget-finance/financial-statements-reports
5907041,59,Penticton,City,British Columbia, Penticton City British Columbia Annual Reports,https://www.penticton.ca/city-hall/reports-plans/annual-reports
5915070,59,Pitt Meadows,City,British Columbia, Pitt Meadows City British Columbia Annual Reports,https://www.pittmeadows.ca/city-hall/publications-and-reports/annual-reports
5923008,59,Port Alberni,City,British Columbia, Port Alberni City British Columbia Annual Reports,https://www.portalberni.ca/financial-statements
5943017,59,Port Alice,Village,British Columbia, Port Alice Village British Columbia Annual Reports,https://portalice.ca/town-hall/municipal-documents/
5947030,59,Port Clements,Village,British Columbia, Port Clements Village British Columbia Annual Reports,https://portclements.ca/municipal-government/municipal-documents/
5915039,59,Port Coquitlam,City,British Columbia, Port Coquitlam City British Columbia Annual Reports,https://www.portcoquitlam.ca/our-government/reports-plans-publications/annual-report
5947007,59,Port Edward,District,British Columbia, Port Edward District British Columbia Annual Reports,https://www.portedward.ca/municipal-hall/reports
5943023,59,Port Hardy,District,British Columbia, Port Hardy District British Columbia Annual Reports,https://porthardy.ca/municipal-hall/financial-services/annual-report-info/
5943012,59,Port McNeill,Town,British Columbia, Port McNeill Town British Columbia Annual Reports,https://portmcneill.ca/town-hall/reports/
5915043,59,Port Moody,City,British Columbia, Port Moody City British Columbia Annual Reports,https://www.portmoody.ca/city-government/plans-reports-and-publications/
5955005,59,Pouce Coupe,Village,British Columbia, Pouce Coupe Village British Columbia Annual Reports,https://poucecoupe.ca/government/finance/
5927008,59,Powell River,City,British Columbia, Powell River City British Columbia Annual Reports,https://powellriver.civicweb.net/filepro/documents/280/
5953023,59,Prince George,City,British Columbia, Prince George City British Columbia Annual Reports,https://www.princegeorge.ca/city-hall/annual-report-strategic-plan-corporate-plan
5947012,59,Prince Rupert,City,British Columbia, Prince Rupert City British Columbia Annual Reports,https://www.princerupert.ca/city-hall/city-financials
5907024,59,Princeton,Town,British Columbia, Princeton Town British Columbia Annual Reports,https://princeton.civicweb.net/filepro/documents/167/
5921023,59,Qualicum Beach,Town,British Columbia, Qualicum Beach Town British Columbia Annual Reports,https://qualicumbeach.com/document-library?folder_path=Financial%20Information/Annual%20Reports
5947026,59,Queen Charlotte,Village,British Columbia, Village of Daajing Giids British Columbia Annual Reports,https://daajinggiids.civicweb.net/filepro/documents/4504/
5941013,59,Quesnel,City,British Columbia, Quesnel City British Columbia Annual Reports,https://www.quesnel.ca/city-hall/finance/financial-statements
5901040,59,Radium Hot Springs,Village,British Columbia, Radium Hot Springs Village British Columbia Annual Reports,https://radiumhotsprings.civicweb.net/filepro/documents/4158/
5939019,59,Revelstoke,City,British Columbia, Revelstoke City British Columbia Annual Reports,https://revelstoke.ca/86/Financial-Documents
5915015,59,Richmond,City,British Columbia, Richmond City British Columbia Annual Reports,https://www.richmond.ca/city-hall/finance/reporting/reports.htm
5905023,59,Rossland,City,British Columbia, Rossland City British Columbia Annual Reports,https://rossland.civicweb.net/filepro/documents/3615/
5917021,59,Saanich,District,British Columbia, Saanich District British Columbia Annual Reports,https://www.saanich.ca/EN/main/local-government/departments/finance-department/financial-reports.html
5903011,59,Salmo,Village,British Columbia, Salmo Village British Columbia Annual Reports,https://salmo.ca/council/reports-links/
5939032,59,Salmon Arm,City,British Columbia, Salmon Arm City British Columbia Annual Reports,https://www.salmonarm.ca/Archive.aspx?AMID=45
5924039,59,Sayward,Village,British Columbia, Sayward Village British Columbia Annual Reports,https://www.sayward.ca/government-bylaws/reports-financial-statements
5929011,59,Sechelt,District,British Columbia, Sechelt District British Columbia Annual Reports,https://www.sechelt.ca/en/our-government/annual-reports.aspx
5939045,59,Sicamous,District,British Columbia, Sicamous District British Columbia Annual Reports,https://sicamous.civicweb.net/filepro/documents/13896/
5917010,59,Sidney,Town,British Columbia, Sidney Town British Columbia Annual Reports,https://www.sidney.ca/government/financial-accountability/annual-report/
5903027,59,Silverton,Village,British Columbia, Silverton Village British Columbia Annual Reports,https://silverton.civicweb.net/filepro/documents/108/
5903019,59,Slocan,Village,British Columbia, Slocan Village British Columbia Annual Reports,http://www.slocancity.com/wp-content/uploads/2023/05/Annual-Report-2022.pdf
5951043,59,Smithers,Town,British Columbia, Smithers Town British Columbia Annual Reports,https://www.smithers.ca/town-hall/policies/annual-report
5917052,59,Sooke,District,British Columbia, Sooke District British Columbia Annual Reports,https://www.sooke.ca/municipal-hall/budget-and-finance/financial-plans-and-reports/
5937024,59,Spallumcheen,Township,British Columbia, Spallumcheen Township British Columbia Annual Reports,https://spallumcheen.civicweb.net/filepro/documents/7032/
5901006,59,Sparwood,District,British Columbia, Sparwood District British Columbia Annual Reports,https://sparwood.civicweb.net/filepro/documents/48923/
5931006,59,Squamish,District,British Columbia, Squamish District British Columbia Annual Reports,https://squamish.ca/government-and-administration/financial-services/budget-financial-statements-and-annual-reports/
BC_RD_24,59,Squamish-Lillooet,Regional District,British Columbia, Squamish-Lillooet Regional District British Columbia Annual Reports,https://www.slrd.bc.ca/services/financial-services/financial-plans-statements
5949032,59,Stewart,District,British Columbia, Stewart District British Columbia Annual Reports,https://districtofstewart.com/district-hall/district-publications/reports
BC_RD_25,59,Strathcona,Regional District,British Columbia, Strathcona Regional District British Columbia Annual Reports,https://srd.ca/government/finance/financial-reporting/
5907035,59,Summerland,District,British Columbia, Summerland District British Columbia Annual Reports,https://www.summerland.ca/your-city-hall/reports-studies
5933050,59,Sun Peaks,Mountain Resort Municipality,British Columbia, Sun Peaks Mountain Resort Municipality British Columbia Annual Reports,https://sunpeaksmunicipality.ca/municipal-hall/finance-and-taxes/financial-plans-and-reports
BC_RD_26,59,Sunshine Coast,Regional District,British Columbia, Sunshine Coast Regional District British Columbia Annual Reports,https://www.scrd.ca/annual-reports/
5915004,59,Surrey,City,British Columbia, Surrey City British Columbia Annual Reports,https://www.surrey.ca/city-government/city-departments/finance/financial-documents
5924030,59,Tahsis,Village,British Columbia, Tahsis Village British Columbia Annual Reports,https://villageoftahsis.com/finance-and-other-reports/
5955030,59,Taylor,District,British Columbia, Taylor District British Columbia Annual Reports,https://districtoftaylor.com/wp-content/uploads/2022/05/District-of-Taylor-2021-Annual-Report-and-Consolidated-Financial-Statements.pdf
5951038,59,Telkwa,Village,British Columbia, Telkwa Village British Columbia Annual Reports,https://www.telkwa.ca/reports-and-budgets
5949011,59,Terrace,City,British Columbia, Terrace City British Columbia Annual Reports,https://www.terrace.ca/city-services/finance-taxation
BC_RD_27,59,Thompson-Nicola,Regional District,British Columbia, Thompson-Nicola Regional District British Columbia Annual Reports,https://www.tnrd.ca/services/budget-finance/financial-reports/
5923025,59,Tofino,District,British Columbia, Tofino District British Columbia Annual Reports,https://tofino.ca/your-government/reports-plans/
5905014,59,Trail,City,British Columbia, Trail City British Columbia Annual Reports,https://trail.ca/en/inside-city-hall/reports-and-publications.aspx
5955003,59,Tumbler Ridge,District,British Columbia, Tumbler Ridge District British Columbia Annual Reports,https://www.districtoftumblerridge.ca/p/reports
5923019,59,Ucluelet,District,British Columbia, Ucluelet District British Columbia Annual Reports,https://ucluelet.ca/government/finance/financial-reports/
5953007,59,Valemount,Village,British Columbia, Valemount Village British Columbia Annual Reports,https://valemount.ca/village-office/documents-publications/financial-reports/
5915022,59,Vancouver,City,British Columbia, Vancouver City British Columbia Annual Reports,https://vancouver.ca/your-government/financial-reports-and-information.aspx
5951007,59,Vanderhoof,District,British Columbia, Vanderhoof District British Columbia Annual Reports,https://vanderhoof.civicweb.net/filepro/documents/75810/
5937014,59,Vernon,City,British Columbia, Vernon City British Columbia Annual Reports,https://www.vernon.ca/government-services/departments/financial-services/financial-statements-annual-reports
5917034,59,Victoria,City,British Columbia, Victoria City British Columbia Annual Reports,https://www.victoria.ca/city-government/strategic-plan/annual-report
5917047,59,View Royal,Town,British Columbia, View Royal Town British Columbia Annual Reports,https://www.viewroyal.ca/EN/main/town/documents/reportsplans.html
5905018,59,Warfield,Village,British Columbia, Warfield Village British Columbia Annual Reports,https://warfield.ca/village-office/finance/
5941025,59,Wells,District,British Columbia, Wells District British Columbia Annual Reports,https://www.wells.ca/district-wells/financial-reports
5935029,59,West Kelowna,City,British Columbia, West Kelowna City British Columbia Annual Reports,https://www.westkelownacity.ca/en/our-community/annual-report-and-financial-statements.aspx
5915055,59,West Vancouver,District,British Columbia, West Vancouver District British Columbia Annual Reports,https://westvancouver.ca/government-administration/strategies-reports/reports/annual-reports
5931020,59,Whistler,Resort Municipality,British Columbia, Whistler Resort Municipality British Columbia Annual Reports,https://www.whistler.ca/mayor-council/strategies-and-plans/financial-plans-and-reports/
5915007,59,White Rock,City,British Columbia, White Rock City British Columbia Annual Reports,https://www.whiterockcity.ca/1117/Reports-Plans
5941009,59,Williams Lake,City,British Columbia, Williams Lake City British Columbia Annual Reports,https://www.williamslake.ca/Archive.aspx?AMID=41
5924029,59,Zeballos,Village,British Columbia, Zeballos Village British Columbia Annual Reports,https://www.zeballos.com/home/municipal-services/reports-and-plans/
